,mean,standard_deviation,maximum,minimum,q_value,number_of_houses,dispatching
0,25.125,3.7959756503071187,27.0,9.0,27.0,5,True
1,25.178571428571427,12.5575663326323,45.0,0.0,45.0,5,False
2,125.03571428571429,4.408610053124823,135.0,99.0,126.0,25,True
3,125.51785714285714,29.304507677675915,225.0,0.0,155.7000000000001,25,False
4,625.4464285714286,6.752031345327166,648.0,621.0,639.0,125,True
5,625.7142857142857,124.51285400576278,1116.0,0.0,738.0,125,False
