,number_of_houses,computation_time,steps
0,5,0.37410593032836914,24
0,25,0.6073570251464844,24
0,125,1.4165117740631104,24
0,625,5.648176670074463,24
0,3125,28.09354305267334,24
0,15625,141.25089526176453,24
